SAMPLE_ID,POSITION,REFERENCE_SEQ,ALTERNATIVE_SEQ,SEQ_DEPTH,ALT_SEQ_DEPTH,FREQUENCY,CHANGE_TYPE
240229_GSU_CL_002_SARS2_d3a7b_remdesivir,78,T,TA,70,1,1.428571429,insertion
240229_GSU_CL_002_SARS2_d3a7b_remdesivir,422,TTAG,T,454,1,0.220264317,deletion
240229_GSU_CL_002_SARS2_d3a7b_remdesivir,443,G,GT,494,4,0.809716599,insertion
240229_GSU_CL_002_SARS2_d3a7b_remdesivir,507,ATGGTCATGTTATGGT,A,449,2,0.445434298,deletion
240229_GSU_CL_002_SARS2_d3a7b_remdesivir,509,GGTCATGTT,G,450,2,0.444444444,deletion
240229_GSU_CL_002_SARS2_d3a7b_remdesivir,512,CATGTT,C,404,1,0.247524752,deletion
240229_GSU_CL_002_SARS2_d3a7b_remdesivir,514,TGTTATG,T,433,2,0.461893764,deletion
240229_GSU_CL_002_SARS2_d3a7b_remdesivir,517,TATG,T,423,2,0.472813239,deletion
240229_GSU_CL_002_SARS2_d3a7b_remdesivir,518,ATGGTT,A,421,2,0.475059382,deletion
240229_GSU_CL_002_SARS2_d3a7b_remdesivir,558,G,GC,290,2,0.689655172,insertion
240229_GSU_CL_002_SARS2_d3a7b_remdesivir,649,T,TA,692,1,0.144508671,insertion
240229_GSU_CL_002_SARS2_d3a7b_remdesivir,653,G,GA,705,2,0.283687943,insertion
240229_GSU_CL_002_SARS2_d3a7b_remdesivir,668,AGTT,A,732,1,0.136612022,deletion
240229_GSU_CL_002_SARS2_d3a7b_remdesivir,683,CTA,C,760,1,0.131578947,deletion
240229_GSU_CL_002_SARS2_d3a7b_remdesivir,685,AAAGTCATTT,A,753,2,0.26560425,deletion
240229_GSU_CL_002_SARS2_d3a7b_remdesivir,701,G,GA,687,2,0.291120815,insertion
240229_GSU_CL_002_SARS2_d3a7b_remdesivir,732,A,AT,557,1,0.179533214,insertion
240229_GSU_CL_002_SARS2_d3a7b_remdesivir,740,G,GA,534,2,0.374531835,insertion
240229_GSU_CL_002_SARS2_d3a7b_remdesivir,773,AC,A,626,1,0.159744409,deletion
240229_GSU_CL_002_SARS2_d3a7b_remdesivir,802,AG,A,497,1,0.201207243,deletion
240229_GSU_CL_002_SARS2_d3a7b_remdesivir,919,A,AG,184,1,0.543478261,insertion
240229_GSU_CL_002_SARS2_d3a7b_remdesivir,925,C,CT,176,1,0.568181818,insertion
240229_GSU_CL_002_SARS2_d3a7b_remdesivir,1001,GA,G,188,1,0.531914894,deletion
240229_GSU_CL_002_SARS2_d3a7b_remdesivir,1044,CA,C,135,2,1.481481481,deletion
240229_GSU_CL_002_SARS2_d3a7b_remdesivir,1077,C,CA,116,2,1.724137931,insertion
240229_GSU_CL_002_SARS2_d3a7b_remdesivir,1135,G,GA,168,1,0.595238095,insertion
240229_GSU_CL_002_SARS2_d3a7b_remdesivir,1187,TCAC,T,235,1,0.425531915,deletion
240229_GSU_CL_002_SARS2_d3a7b_remdesivir,1349,C,CA,442,2,0.452488688,insertion
240229_GSU_CL_002_SARS2_d3a7b_remdesivir,1363,T,TA,366,1,0.273224044,insertion
240229_GSU_CL_002_SARS2_d3a7b_remdesivir,1386,AC,A,329,1,0.303951368,deletion
240229_GSU_CL_002_SARS2_d3a7b_remdesivir,1701,C,CT,349,1,0.286532951,insertion
240229_GSU_CL_002_SARS2_d3a7b_remdesivir,1722,CT,C,315,1,0.317460317,deletion
240229_GSU_CL_002_SARS2_d3a7b_remdesivir,1766,C,CA,325,1,0.307692308,insertion
240229_GSU_CL_002_SARS2_d3a7b_remdesivir,1800,CA,C,393,1,0.254452926,deletion
240229_GSU_CL_002_SARS2_d3a7b_remdesivir,1806,GAA,G,407,1,0.245700246,deletion
240229_GSU_CL_002_SARS2_d3a7b_remdesivir,1870,AT,A,468,2,0.427350427,deletion
240229_GSU_CL_002_SARS2_d3a7b_remdesivir,1913,C,CT,276,1,0.362318841,insertion
240229_GSU_CL_002_SARS2_d3a7b_remdesivir,1974,TAG,T,196,4,2.040816327,deletion
240229_GSU_CL_002_SARS2_d3a7b_remdesivir,2078,GT,G,374,1,0.267379679,deletion
240229_GSU_CL_002_SARS2_d3a7b_remdesivir,2137,CA,C,465,1,0.215053763,deletion
240229_GSU_CL_002_SARS2_d3a7b_remdesivir,2185,G,GT,705,2,0.283687943,insertion
240229_GSU_CL_002_SARS2_d3a7b_remdesivir,2204,GA,G,991,1,0.100908174,deletion
240229_GSU_CL_002_SARS2_d3a7b_remdesivir,2317,AT,A,699,1,0.143061516,deletion
240229_GSU_CL_002_SARS2_d3a7b_remdesivir,2322,TGGC,T,697,1,0.143472023,deletion
240229_GSU_CL_002_SARS2_d3a7b_remdesivir,2325,CT,C,713,1,0.140252454,deletion
240229_GSU_CL_002_SARS2_d3a7b_remdesivir,2389,AT,A,686,1,0.145772595,deletion
240229_GSU_CL_002_SARS2_d3a7b_remdesivir,2403,C,CA,632,1,0.158227848,insertion
240229_GSU_CL_002_SARS2_d3a7b_remdesivir,2790,CT,C,687,2,0.291120815,deletion
240229_GSU_CL_002_SARS2_d3a7b_remdesivir,2857,CG,C,866,2,0.230946882,deletion
240229_GSU_CL_002_SARS2_d3a7b_remdesivir,2875,G,GT,760,2,0.263157895,insertion
240229_GSU_CL_002_SARS2_d3a7b_remdesivir,2904,TA,T,609,1,0.164203612,deletion
240229_GSU_CL_002_SARS2_d3a7b_remdesivir,2909,A,AG,588,1,0.170068027,insertion
240229_GSU_CL_002_SARS2_d3a7b_remdesivir,2986,AT,A,740,1,0.135135135,deletion
240229_GSU_CL_002_SARS2_d3a7b_remdesivir,3004,G,GT,845,1,0.118343195,insertion
240229_GSU_CL_002_SARS2_d3a7b_remdesivir,3007,TA,T,842,1,0.118764846,deletion
240229_GSU_CL_002_SARS2_d3a7b_remdesivir,3054,AT,A,602,1,0.166112957,deletion
240229_GSU_CL_002_SARS2_d3a7b_remdesivir,3101,C,CA,376,3,0.79787234,insertion
240229_GSU_CL_002_SARS2_d3a7b_remdesivir,3141,C,CT,367,1,0.272479564,insertion
240229_GSU_CL_002_SARS2_d3a7b_remdesivir,3242,G,GACA,286,1,0.34965035,insertion
240229_GSU_CL_002_SARS2_d3a7b_remdesivir,3332,AT,A,418,1,0.23923445,deletion
240229_GSU_CL_002_SARS2_d3a7b_remdesivir,3360,T,TA,585,1,0.170940171,insertion
240229_GSU_CL_002_SARS2_d3a7b_remdesivir,3385,TA,T,636,1,0.157232704,deletion
240229_GSU_CL_002_SARS2_d3a7b_remdesivir,3389,AAT,A,625,1,0.16,deletion
240229_GSU_CL_002_SARS2_d3a7b_remdesivir,3412,TA,T,650,1,0.153846154,deletion
240229_GSU_CL_002_SARS2_d3a7b_remdesivir,3420,TAA,T,704,2,0.284090909,deletion
240229_GSU_CL_002_SARS2_d3a7b_remdesivir,3452,G,GT,785,1,0.127388535,insertion
240229_GSU_CL_002_SARS2_d3a7b_remdesivir,3467,G,GA,679,2,0.29455081,insertion
240229_GSU_CL_002_SARS2_d3a7b_remdesivir,3545,AATG,A,1854,2,0.107874865,deletion
240229_GSU_CL_002_SARS2_d3a7b_remdesivir,3556,TA,T,1912,2,0.10460251,deletion
240229_GSU_CL_002_SARS2_d3a7b_remdesivir,3575,G,GT,1772,5,0.282167043,insertion
240229_GSU_CL_002_SARS2_d3a7b_remdesivir,3671,G,GA,203,1,0.492610837,insertion
240229_GSU_CL_002_SARS2_d3a7b_remdesivir,3824,G,GT,477,1,0.209643606,insertion
240229_GSU_CL_002_SARS2_d3a7b_remdesivir,3832,CT,C,466,2,0.429184549,deletion
240229_GSU_CL_002_SARS2_d3a7b_remdesivir,3834,TTTTGG,T,442,1,0.226244344,deletion
240229_GSU_CL_002_SARS2_d3a7b_remdesivir,3835,TTTGG,T,443,1,0.225733634,deletion
240229_GSU_CL_002_SARS2_d3a7b_remdesivir,3840,A,AACCA,459,1,0.217864924,insertion
240229_GSU_CL_002_SARS2_d3a7b_remdesivir,4212,CT,C,307,1,0.325732899,deletion
240229_GSU_CL_002_SARS2_d3a7b_remdesivir,4321,C,CT,190,2,1.052631579,insertion
240229_GSU_CL_002_SARS2_d3a7b_remdesivir,4394,GA,G,229,1,0.436681223,deletion
240229_GSU_CL_002_SARS2_d3a7b_remdesivir,4443,TG,T,221,1,0.452488688,deletion
240229_GSU_CL_002_SARS2_d3a7b_remdesivir,4526,A,AT,143,1,0.699300699,insertion
240229_GSU_CL_002_SARS2_d3a7b_remdesivir,4528,ATT,A,142,1,0.704225352,deletion
240229_GSU_CL_002_SARS2_d3a7b_remdesivir,4579,TAACGATCTA,T,223,1,0.448430493,deletion
240229_GSU_CL_002_SARS2_d3a7b_remdesivir,4588,AAATG,A,229,1,0.436681223,deletion
240229_GSU_CL_002_SARS2_d3a7b_remdesivir,4592,GA,G,232,1,0.431034483,deletion
240229_GSU_CL_002_SARS2_d3a7b_remdesivir,4694,G,GT,131,1,0.763358779,insertion
240229_GSU_CL_002_SARS2_d3a7b_remdesivir,4889,AC,A,69,1,1.449275362,deletion
240229_GSU_CL_002_SARS2_d3a7b_remdesivir,5047,T,TG,189,1,0.529100529,insertion
240229_GSU_CL_002_SARS2_d3a7b_remdesivir,5080,TA,T,553,2,0.361663653,deletion
240229_GSU_CL_002_SARS2_d3a7b_remdesivir,5085,TA,T,564,1,0.177304965,deletion
240229_GSU_CL_002_SARS2_d3a7b_remdesivir,5123,GT,G,645,1,0.15503876,deletion
240229_GSU_CL_002_SARS2_d3a7b_remdesivir,5224,T,TA,266,1,0.37593985,insertion
240229_GSU_CL_002_SARS2_d3a7b_remdesivir,5241,CACAAG,C,281,1,0.355871886,deletion
240229_GSU_CL_002_SARS2_d3a7b_remdesivir,5318,C,CA,415,1,0.240963855,insertion
240229_GSU_CL_002_SARS2_d3a7b_remdesivir,5332,G,GT,467,1,0.214132762,insertion
240229_GSU_CL_002_SARS2_d3a7b_remdesivir,5360,TATTAC,T,501,3,0.598802395,deletion
240229_GSU_CL_002_SARS2_d3a7b_remdesivir,5363,TACA,T,532,1,0.187969925,deletion
240229_GSU_CL_002_SARS2_d3a7b_remdesivir,5392,CT,C,545,1,0.183486239,deletion
240229_GSU_CL_002_SARS2_d3a7b_remdesivir,5409,TA,T,567,1,0.176366843,deletion
240229_GSU_CL_002_SARS2_d3a7b_remdesivir,5468,TTG,T,574,1,0.174216028,deletion
240229_GSU_CL_002_SARS2_d3a7b_remdesivir,5470,G,GT,586,4,0.682593857,insertion
240229_GSU_CL_002_SARS2_d3a7b_remdesivir,5512,CG,C,686,1,0.145772595,deletion
240229_GSU_CL_002_SARS2_d3a7b_remdesivir,5582,A,AC,236,1,0.423728814,insertion
240229_GSU_CL_002_SARS2_d3a7b_remdesivir,5612,G,GT,219,1,0.456621005,insertion
240229_GSU_CL_002_SARS2_d3a7b_remdesivir,5673,C,CT,118,3,2.542372881,insertion
240229_GSU_CL_002_SARS2_d3a7b_remdesivir,5682,TG,T,115,1,0.869565217,deletion
240229_GSU_CL_002_SARS2_d3a7b_remdesivir,5817,C,CT,147,1,0.680272109,insertion
240229_GSU_CL_002_SARS2_d3a7b_remdesivir,5909,TATA,T,140,1,0.714285714,deletion
240229_GSU_CL_002_SARS2_d3a7b_remdesivir,6073,ATTTGC,A,167,1,0.598802395,deletion
240229_GSU_CL_002_SARS2_d3a7b_remdesivir,6079,T,TAAGAA,190,1,0.526315789,insertion
240229_GSU_CL_002_SARS2_d3a7b_remdesivir,6109,G,GA,318,2,0.628930818,insertion
240229_GSU_CL_002_SARS2_d3a7b_remdesivir,6139,AT,A,272,3,1.102941176,deletion
240229_GSU_CL_002_SARS2_d3a7b_remdesivir,6198,CT,C,250,1,0.4,deletion
240229_GSU_CL_002_SARS2_d3a7b_remdesivir,6231,CTATTGT,C,451,1,0.22172949,deletion
240229_GSU_CL_002_SARS2_d3a7b_remdesivir,6236,G,GT,460,1,0.217391304,insertion
240229_GSU_CL_002_SARS2_d3a7b_remdesivir,6249,AC,A,484,1,0.20661157,deletion
240229_GSU_CL_002_SARS2_d3a7b_remdesivir,6312,CA,C,419,1,0.238663484,deletion
240229_GSU_CL_002_SARS2_d3a7b_remdesivir,6395,CT,C,675,1,0.148148148,deletion
240229_GSU_CL_002_SARS2_d3a7b_remdesivir,6396,TA,T,670,1,0.149253731,deletion
240229_GSU_CL_002_SARS2_d3a7b_remdesivir,6422,G,GA,741,2,0.269905533,insertion
240229_GSU_CL_002_SARS2_d3a7b_remdesivir,6439,G,GA,727,1,0.137551582,insertion
240229_GSU_CL_002_SARS2_d3a7b_remdesivir,6460,TG,T,864,1,0.115740741,deletion
240229_GSU_CL_002_SARS2_d3a7b_remdesivir,6589,G,GA,101,1,0.99009901,insertion
240229_GSU_CL_002_SARS2_d3a7b_remdesivir,6653,GTTAATAGTGTCCCTTGGGATACTATAGCTAATT,G,58,1,1.724137931,deletion
240229_GSU_CL_002_SARS2_d3a7b_remdesivir,6696,C,CT,73,4,5.479452055,insertion
240229_GSU_CL_002_SARS2_d3a7b_remdesivir,6719,AC,A,121,1,0.826446281,deletion
240229_GSU_CL_002_SARS2_d3a7b_remdesivir,6961,G,GT,146,1,0.684931507,insertion
240229_GSU_CL_002_SARS2_d3a7b_remdesivir,7032,AT,A,217,1,0.460829493,deletion
240229_GSU_CL_002_SARS2_d3a7b_remdesivir,7059,GT,G,251,1,0.398406375,deletion
240229_GSU_CL_002_SARS2_d3a7b_remdesivir,7215,ATTTAACTGCT,A,122,1,0.819672131,deletion
240229_GSU_CL_002_SARS2_d3a7b_remdesivir,7247,T,TG,156,1,0.641025641,insertion
240229_GSU_CL_002_SARS2_d3a7b_remdesivir,7262,CT,C,201,1,0.497512438,deletion
240229_GSU_CL_002_SARS2_d3a7b_remdesivir,7304,ATGCAATTGT,A,243,1,0.411522634,deletion
240229_GSU_CL_002_SARS2_d3a7b_remdesivir,7312,G,GT,243,3,1.234567901,insertion
240229_GSU_CL_002_SARS2_d3a7b_remdesivir,7323,A,AT,251,1,0.398406375,insertion
240229_GSU_CL_002_SARS2_d3a7b_remdesivir,7432,ATT,A,531,1,0.188323917,deletion
240229_GSU_CL_002_SARS2_d3a7b_remdesivir,7434,TTTA,T,537,1,0.186219739,deletion
240229_GSU_CL_002_SARS2_d3a7b_remdesivir,7447,GA,G,632,1,0.158227848,deletion
240229_GSU_CL_002_SARS2_d3a7b_remdesivir,7504,C,CA,701,3,0.427960057,insertion
240229_GSU_CL_002_SARS2_d3a7b_remdesivir,7527,TC,T,407,1,0.245700246,deletion
240229_GSU_CL_002_SARS2_d3a7b_remdesivir,7594,C,CT,230,1,0.434782609,insertion
240229_GSU_CL_002_SARS2_d3a7b_remdesivir,7609,C,CA,246,1,0.406504065,insertion
240229_GSU_CL_002_SARS2_d3a7b_remdesivir,7889,G,GT,257,3,1.167315175,insertion
240229_GSU_CL_002_SARS2_d3a7b_remdesivir,7985,CA,C,275,1,0.363636364,deletion
240229_GSU_CL_002_SARS2_d3a7b_remdesivir,8204,G,GA,259,1,0.386100386,insertion
240229_GSU_CL_002_SARS2_d3a7b_remdesivir,8209,TA,T,274,1,0.364963504,deletion
240229_GSU_CL_002_SARS2_d3a7b_remdesivir,8276,AAT,A,280,1,0.357142857,deletion
240229_GSU_CL_002_SARS2_d3a7b_remdesivir,8327,C,CAAGG,184,1,0.543478261,insertion
240229_GSU_CL_002_SARS2_d3a7b_remdesivir,8328,T,TCACG,177,2,1.129943503,insertion
240229_GSU_CL_002_SARS2_d3a7b_remdesivir,8481,CT,C,104,1,0.961538462,deletion
240229_GSU_CL_002_SARS2_d3a7b_remdesivir,8494,ATG,A,117,1,0.854700855,deletion
240229_GSU_CL_002_SARS2_d3a7b_remdesivir,8532,CA,C,113,2,1.769911504,deletion
240229_GSU_CL_002_SARS2_d3a7b_remdesivir,8584,AATTAAAGTTACACTTGTGTTCCTTTT,A,192,1,0.520833333,deletion
240229_GSU_CL_002_SARS2_d3a7b_remdesivir,8606,CT,C,191,1,0.523560209,deletion
240229_GSU_CL_002_SARS2_d3a7b_remdesivir,8742,GT,G,217,1,0.460829493,deletion
240229_GSU_CL_002_SARS2_d3a7b_remdesivir,8927,G,GT,317,1,0.315457413,insertion
240229_GSU_CL_002_SARS2_d3a7b_remdesivir,8964,CA,C,188,1,0.531914894,deletion
240229_GSU_CL_002_SARS2_d3a7b_remdesivir,9026,A,AT,141,1,0.709219858,insertion
240229_GSU_CL_002_SARS2_d3a7b_remdesivir,9198,CT,C,223,1,0.448430493,deletion
240229_GSU_CL_002_SARS2_d3a7b_remdesivir,9251,G,GT,285,1,0.350877193,insertion
240229_GSU_CL_002_SARS2_d3a7b_remdesivir,9276,GGGTA,G,225,2,0.888888889,deletion
240229_GSU_CL_002_SARS2_d3a7b_remdesivir,9281,CTTA,C,225,2,0.888888889,deletion
240229_GSU_CL_002_SARS2_d3a7b_remdesivir,9288,ATGATTATT,A,213,2,0.938967136,deletion
240229_GSU_CL_002_SARS2_d3a7b_remdesivir,9299,A,ACCAGCTTCT,202,2,0.99009901,insertion
240229_GSU_CL_002_SARS2_d3a7b_remdesivir,9319,CTG,C,192,1,0.520833333,deletion
240229_GSU_CL_002_SARS2_d3a7b_remdesivir,9355,G,GT,253,1,0.395256917,insertion
240229_GSU_CL_002_SARS2_d3a7b_remdesivir,9627,C,CT,63,1,1.587301587,insertion
240229_GSU_CL_002_SARS2_d3a7b_remdesivir,9687,CA,C,192,1,0.520833333,deletion
240229_GSU_CL_002_SARS2_d3a7b_remdesivir,9695,TATA,T,199,1,0.502512563,deletion
240229_GSU_CL_002_SARS2_d3a7b_remdesivir,9755,CGT,C,287,1,0.348432056,deletion
240229_GSU_CL_002_SARS2_d3a7b_remdesivir,9786,C,CT,382,1,0.261780105,insertion
240229_GSU_CL_002_SARS2_d3a7b_remdesivir,9811,C,CT,471,4,0.8492569,insertion
240229_GSU_CL_002_SARS2_d3a7b_remdesivir,9848,AG,A,544,1,0.183823529,deletion
240229_GSU_CL_002_SARS2_d3a7b_remdesivir,9859,ATT,A,565,1,0.17699115,deletion
240229_GSU_CL_002_SARS2_d3a7b_remdesivir,9969,CA,C,569,4,0.702987698,deletion
240229_GSU_CL_002_SARS2_d3a7b_remdesivir,10020,C,CG,349,1,0.286532951,insertion
240229_GSU_CL_002_SARS2_d3a7b_remdesivir,10025,C,CA,352,3,0.852272727,insertion
240229_GSU_CL_002_SARS2_d3a7b_remdesivir,10033,TA,T,355,1,0.281690141,deletion
240229_GSU_CL_002_SARS2_d3a7b_remdesivir,10087,TA,T,424,1,0.235849057,deletion
240229_GSU_CL_002_SARS2_d3a7b_remdesivir,10148,CT,C,532,1,0.187969925,deletion
240229_GSU_CL_002_SARS2_d3a7b_remdesivir,10301,CA,C,407,1,0.245700246,deletion
240229_GSU_CL_002_SARS2_d3a7b_remdesivir,10360,G,GT,296,1,0.337837838,insertion
240229_GSU_CL_002_SARS2_d3a7b_remdesivir,10386,C,CT,275,5,1.818181818,insertion
240229_GSU_CL_002_SARS2_d3a7b_remdesivir,10427,G,GT,309,1,0.323624595,insertion
240229_GSU_CL_002_SARS2_d3a7b_remdesivir,10451,AATTTCACT,A,137,1,0.729927007,deletion
240229_GSU_CL_002_SARS2_d3a7b_remdesivir,10491,GTAGTGTTGGTTTTAACATAGAT,G,261,1,0.383141762,deletion
240229_GSU_CL_002_SARS2_d3a7b_remdesivir,10500,GTT,G,264,1,0.378787879,deletion
240229_GSU_CL_002_SARS2_d3a7b_remdesivir,10527,C,CT,391,5,1.278772379,insertion
240229_GSU_CL_002_SARS2_d3a7b_remdesivir,10594,C,CT,355,2,0.563380282,insertion
240229_GSU_CL_002_SARS2_d3a7b_remdesivir,10703,AG,A,242,2,0.826446281,deletion
240229_GSU_CL_002_SARS2_d3a7b_remdesivir,10708,G,GT,252,1,0.396825397,insertion
240229_GSU_CL_002_SARS2_d3a7b_remdesivir,10755,CT,C,254,1,0.393700787,deletion
240229_GSU_CL_002_SARS2_d3a7b_remdesivir,10765,CA,C,263,1,0.380228137,deletion
240229_GSU_CL_002_SARS2_d3a7b_remdesivir,10820,C,CA,266,1,0.37593985,insertion
240229_GSU_CL_002_SARS2_d3a7b_remdesivir,10835,G,GT,299,2,0.668896321,insertion
240229_GSU_CL_002_SARS2_d3a7b_remdesivir,10871,CA,C,446,1,0.224215247,deletion
240229_GSU_CL_002_SARS2_d3a7b_remdesivir,10932,C,CT,403,1,0.248138958,insertion
240229_GSU_CL_002_SARS2_d3a7b_remdesivir,10943,GTTA,G,398,1,0.251256281,deletion
240229_GSU_CL_002_SARS2_d3a7b_remdesivir,11036,C,CT,240,1,0.416666667,insertion
240229_GSU_CL_002_SARS2_d3a7b_remdesivir,11071,GTTC,G,309,1,0.323624595,deletion
240229_GSU_CL_002_SARS2_d3a7b_remdesivir,11074,C,CT,309,12,3.883495146,insertion
240229_GSU_CL_002_SARS2_d3a7b_remdesivir,11078,T,TA,300,1,0.333333333,insertion
240229_GSU_CL_002_SARS2_d3a7b_remdesivir,11087,GA,G,305,1,0.327868852,deletion
240229_GSU_CL_002_SARS2_d3a7b_remdesivir,11095,C,CT,318,1,0.314465409,insertion
240229_GSU_CL_002_SARS2_d3a7b_remdesivir,11103,CT,C,322,4,1.242236025,deletion
240229_GSU_CL_002_SARS2_d3a7b_remdesivir,11133,C,CT,464,1,0.215517241,insertion
240229_GSU_CL_002_SARS2_d3a7b_remdesivir,11146,GT,G,495,1,0.202020202,deletion
240229_GSU_CL_002_SARS2_d3a7b_remdesivir,11179,G,GT,522,5,0.957854406,insertion
240229_GSU_CL_002_SARS2_d3a7b_remdesivir,11220,TG,T,402,1,0.248756219,deletion
240229_GSU_CL_002_SARS2_d3a7b_remdesivir,11301,TA,T,1438,2,0.139082058,deletion
240229_GSU_CL_002_SARS2_d3a7b_remdesivir,11456,A,AT,651,1,0.153609831,insertion
240229_GSU_CL_002_SARS2_d3a7b_remdesivir,11505,TAGTTAC,T,664,1,0.15060241,deletion
240229_GSU_CL_002_SARS2_d3a7b_remdesivir,11521,G,GT,603,2,0.331674959,insertion
240229_GSU_CL_002_SARS2_d3a7b_remdesivir,11525,TTG,T,589,1,0.169779287,deletion
240229_GSU_CL_002_SARS2_d3a7b_remdesivir,11540,G,GT,634,3,0.47318612,insertion
240229_GSU_CL_002_SARS2_d3a7b_remdesivir,11584,TA,T,347,1,0.288184438,deletion
240229_GSU_CL_002_SARS2_d3a7b_remdesivir,11609,GTTTATTGTTTCTTAGGCTAT,G,457,2,0.437636761,deletion
240229_GSU_CL_002_SARS2_d3a7b_remdesivir,11613,ATTGTTTC,A,841,1,0.118906064,deletion
240229_GSU_CL_002_SARS2_d3a7b_remdesivir,11616,G,GT,839,2,0.238379023,insertion
240229_GSU_CL_002_SARS2_d3a7b_remdesivir,11628,A,AT,961,3,0.312174818,insertion
240229_GSU_CL_002_SARS2_d3a7b_remdesivir,11630,TTTTGTACTTG,T,981,1,0.101936799,deletion
240229_GSU_CL_002_SARS2_d3a7b_remdesivir,11644,C,CT,998,2,0.200400802,insertion
240229_GSU_CL_002_SARS2_d3a7b_remdesivir,11688,TTGG,T,721,2,0.27739251,deletion
240229_GSU_CL_002_SARS2_d3a7b_remdesivir,11697,ATGATTACTTAGTT,A,709,1,0.141043724,deletion
240229_GSU_CL_002_SARS2_d3a7b_remdesivir,11700,ATTACTTAG,A,706,1,0.141643059,deletion
240229_GSU_CL_002_SARS2_d3a7b_remdesivir,11707,AGTT,A,697,1,0.143472023,deletion
240229_GSU_CL_002_SARS2_d3a7b_remdesivir,11708,GT,G,713,1,0.140252454,deletion
240229_GSU_CL_002_SARS2_d3a7b_remdesivir,11908,AGAATCATCATCTAAATT,A,213,1,0.469483568,deletion
240229_GSU_CL_002_SARS2_d3a7b_remdesivir,11929,GGCTCAATGTGTCCAGTT,G,171,1,0.584795322,deletion
240229_GSU_CL_002_SARS2_d3a7b_remdesivir,11988,TTGAAAAAATG,T,296,1,0.337837838,deletion
240229_GSU_CL_002_SARS2_d3a7b_remdesivir,11990,G,GA,298,1,0.33557047,insertion
240229_GSU_CL_002_SARS2_d3a7b_remdesivir,11999,G,GT,316,1,0.316455696,insertion
240229_GSU_CL_002_SARS2_d3a7b_remdesivir,12008,C,CT,360,1,0.277777778,insertion
240229_GSU_CL_002_SARS2_d3a7b_remdesivir,12020,C,CT,369,1,0.27100271,insertion
240229_GSU_CL_002_SARS2_d3a7b_remdesivir,12060,AAG,A,571,1,0.175131349,deletion
240229_GSU_CL_002_SARS2_d3a7b_remdesivir,12132,CT,C,1719,2,0.116346713,deletion
240229_GSU_CL_002_SARS2_d3a7b_remdesivir,12304,T,TA,747,1,0.133868809,insertion
240229_GSU_CL_002_SARS2_d3a7b_remdesivir,12329,AG,A,289,1,0.346020761,deletion
240229_GSU_CL_002_SARS2_d3a7b_remdesivir,12333,C,CA,278,1,0.35971223,insertion
240229_GSU_CL_002_SARS2_d3a7b_remdesivir,12377,AG,A,197,1,0.507614213,deletion
240229_GSU_CL_002_SARS2_d3a7b_remdesivir,12479,G,GT,113,1,0.884955752,insertion
240229_GSU_CL_002_SARS2_d3a7b_remdesivir,12587,AT,A,259,1,0.386100386,deletion
240229_GSU_CL_002_SARS2_d3a7b_remdesivir,12786,CA,C,169,1,0.591715976,deletion
240229_GSU_CL_002_SARS2_d3a7b_remdesivir,12802,G,GT,193,1,0.518134715,insertion
240229_GSU_CL_002_SARS2_d3a7b_remdesivir,12902,TG,T,300,1,0.333333333,deletion
240229_GSU_CL_002_SARS2_d3a7b_remdesivir,12912,T,TCTG,287,2,0.696864111,insertion
240229_GSU_CL_002_SARS2_d3a7b_remdesivir,12914,ACAG,A,285,1,0.350877193,deletion
240229_GSU_CL_002_SARS2_d3a7b_remdesivir,12926,A,AC,306,1,0.326797386,insertion
240229_GSU_CL_002_SARS2_d3a7b_remdesivir,13051,C,CA,342,1,0.292397661,insertion
240229_GSU_CL_002_SARS2_d3a7b_remdesivir,13077,CT,C,344,1,0.290697674,deletion
240229_GSU_CL_002_SARS2_d3a7b_remdesivir,13144,TTG,T,340,1,0.294117647,deletion
240229_GSU_CL_002_SARS2_d3a7b_remdesivir,13156,GT,G,394,1,0.253807107,deletion
240229_GSU_CL_002_SARS2_d3a7b_remdesivir,13288,A,AT,294,1,0.340136054,insertion
240229_GSU_CL_002_SARS2_d3a7b_remdesivir,13290,T,TC,287,1,0.348432056,insertion
240229_GSU_CL_002_SARS2_d3a7b_remdesivir,13324,TACA,T,417,1,0.239808153,deletion
240229_GSU_CL_002_SARS2_d3a7b_remdesivir,13393,GA,G,530,1,0.188679245,deletion
240229_GSU_CL_002_SARS2_d3a7b_remdesivir,13454,CAATCGTTTTT,C,369,1,0.27100271,deletion
240229_GSU_CL_002_SARS2_d3a7b_remdesivir,13459,GTTT,G,359,1,0.278551532,deletion
240229_GSU_CL_002_SARS2_d3a7b_remdesivir,13504,TG,T,340,1,0.294117647,deletion
240229_GSU_CL_002_SARS2_d3a7b_remdesivir,13749,G,GT,244,1,0.409836066,insertion
240229_GSU_CL_002_SARS2_d3a7b_remdesivir,13832,TA,T,263,1,0.380228137,deletion
240229_GSU_CL_002_SARS2_d3a7b_remdesivir,13937,TAG,T,260,1,0.384615385,deletion
240229_GSU_CL_002_SARS2_d3a7b_remdesivir,14110,C,CA,512,2,0.390625,insertion
240229_GSU_CL_002_SARS2_d3a7b_remdesivir,14134,C,CG,400,1,0.25,insertion
240229_GSU_CL_002_SARS2_d3a7b_remdesivir,14229,GC,G,172,2,1.162790698,deletion
240229_GSU_CL_002_SARS2_d3a7b_remdesivir,14246,A,AT,185,1,0.540540541,insertion
240229_GSU_CL_002_SARS2_d3a7b_remdesivir,14259,T,TTA,204,1,0.490196078,insertion
240229_GSU_CL_002_SARS2_d3a7b_remdesivir,14414,GT,G,274,1,0.364963504,deletion
240229_GSU_CL_002_SARS2_d3a7b_remdesivir,14457,AT,A,605,1,0.165289256,deletion
240229_GSU_CL_002_SARS2_d3a7b_remdesivir,14481,CTT,C,667,1,0.149925037,deletion
240229_GSU_CL_002_SARS2_d3a7b_remdesivir,14504,AT,A,567,1,0.176366843,deletion
240229_GSU_CL_002_SARS2_d3a7b_remdesivir,14513,AT,A,527,1,0.189753321,deletion
240229_GSU_CL_002_SARS2_d3a7b_remdesivir,14515,GT,G,522,1,0.191570881,deletion
240229_GSU_CL_002_SARS2_d3a7b_remdesivir,14540,GT,G,626,1,0.159744409,deletion
240229_GSU_CL_002_SARS2_d3a7b_remdesivir,14583,CGCT,C,572,1,0.174825175,deletion
240229_GSU_CL_002_SARS2_d3a7b_remdesivir,14625,C,CT,454,3,0.660792952,insertion
240229_GSU_CL_002_SARS2_d3a7b_remdesivir,14703,CT,C,166,1,0.602409639,deletion
240229_GSU_CL_002_SARS2_d3a7b_remdesivir,14848,CTATTTG,C,268,1,0.373134328,deletion
240229_GSU_CL_002_SARS2_d3a7b_remdesivir,14850,ATTT,A,261,1,0.383141762,deletion
240229_GSU_CL_002_SARS2_d3a7b_remdesivir,14869,GAT,G,266,1,0.37593985,deletion
240229_GSU_CL_002_SARS2_d3a7b_remdesivir,14988,TG,T,353,1,0.283286119,deletion
240229_GSU_CL_002_SARS2_d3a7b_remdesivir,15021,TTTCGCATATACAAAACGTA,T,361,1,0.27700831,deletion
240229_GSU_CL_002_SARS2_d3a7b_remdesivir,15022,TTCGCATATACAAAACGTA,T,356,2,0.561797753,deletion
240229_GSU_CL_002_SARS2_d3a7b_remdesivir,15032,CA,C,377,1,0.265251989,deletion
240229_GSU_CL_002_SARS2_d3a7b_remdesivir,15157,CA,C,234,1,0.427350427,deletion
240229_GSU_CL_002_SARS2_d3a7b_remdesivir,15168,G,GA,246,1,0.406504065,insertion
240229_GSU_CL_002_SARS2_d3a7b_remdesivir,15245,TA,T,308,1,0.324675325,deletion
240229_GSU_CL_002_SARS2_d3a7b_remdesivir,15268,G,GA,351,1,0.284900285,insertion
240229_GSU_CL_002_SARS2_d3a7b_remdesivir,15284,TG,T,331,1,0.302114804,deletion
240229_GSU_CL_002_SARS2_d3a7b_remdesivir,15287,GTT,G,347,1,0.288184438,deletion
240229_GSU_CL_002_SARS2_d3a7b_remdesivir,15304,TG,T,385,1,0.25974026,deletion
240229_GSU_CL_002_SARS2_d3a7b_remdesivir,15357,TC,T,294,1,0.340136054,deletion
240229_GSU_CL_002_SARS2_d3a7b_remdesivir,15517,GT,G,232,1,0.431034483,deletion
240229_GSU_CL_002_SARS2_d3a7b_remdesivir,15579,C,CA,175,1,0.571428571,insertion
240229_GSU_CL_002_SARS2_d3a7b_remdesivir,15814,G,GT,190,1,0.526315789,insertion
240229_GSU_CL_002_SARS2_d3a7b_remdesivir,15830,CA,C,208,1,0.480769231,deletion
240229_GSU_CL_002_SARS2_d3a7b_remdesivir,15871,G,GA,219,1,0.456621005,insertion
240229_GSU_CL_002_SARS2_d3a7b_remdesivir,15907,G,GT,188,1,0.531914894,insertion
240229_GSU_CL_002_SARS2_d3a7b_remdesivir,15909,TG,T,191,1,0.523560209,deletion
240229_GSU_CL_002_SARS2_d3a7b_remdesivir,15965,G,GT,245,4,1.632653061,insertion
240229_GSU_CL_002_SARS2_d3a7b_remdesivir,15976,GAT,G,240,1,0.416666667,deletion
240229_GSU_CL_002_SARS2_d3a7b_remdesivir,15983,TA,T,242,1,0.41322314,deletion
240229_GSU_CL_002_SARS2_d3a7b_remdesivir,16025,TAGCTATAG,T,319,1,0.313479624,deletion
240229_GSU_CL_002_SARS2_d3a7b_remdesivir,16027,G,GCCC,330,1,0.303030303,insertion
240229_GSU_CL_002_SARS2_d3a7b_remdesivir,16030,AT,A,334,1,0.299401198,deletion
240229_GSU_CL_002_SARS2_d3a7b_remdesivir,16047,TACTAAACATCCTAATCAGGAGTA,T,310,1,0.322580645,deletion
240229_GSU_CL_002_SARS2_d3a7b_remdesivir,16096,CA,C,394,1,0.253807107,deletion
240229_GSU_CL_002_SARS2_d3a7b_remdesivir,16190,A,AC,531,1,0.188323917,insertion
240229_GSU_CL_002_SARS2_d3a7b_remdesivir,16197,G,GT,487,2,0.410677618,insertion
240229_GSU_CL_002_SARS2_d3a7b_remdesivir,16475,G,GT,299,1,0.334448161,insertion
240229_GSU_CL_002_SARS2_d3a7b_remdesivir,16597,AT,A,206,1,0.485436893,deletion
240229_GSU_CL_002_SARS2_d3a7b_remdesivir,16609,ACCT,A,332,2,0.602409639,deletion
240229_GSU_CL_002_SARS2_d3a7b_remdesivir,16630,C,CT,416,1,0.240384615,insertion
240229_GSU_CL_002_SARS2_d3a7b_remdesivir,16650,C,CA,425,2,0.470588235,insertion
240229_GSU_CL_002_SARS2_d3a7b_remdesivir,16671,T,TA,480,1,0.208333333,insertion
240229_GSU_CL_002_SARS2_d3a7b_remdesivir,16706,TG,T,446,1,0.224215247,deletion
240229_GSU_CL_002_SARS2_d3a7b_remdesivir,16795,GT,G,386,1,0.259067358,deletion
240229_GSU_CL_002_SARS2_d3a7b_remdesivir,16800,T,TA,394,1,0.253807107,insertion
240229_GSU_CL_002_SARS2_d3a7b_remdesivir,16809,TA,T,384,1,0.260416667,deletion
240229_GSU_CL_002_SARS2_d3a7b_remdesivir,16830,CA,C,387,1,0.258397933,deletion
240229_GSU_CL_002_SARS2_d3a7b_remdesivir,16872,AG,A,182,1,0.549450549,deletion
240229_GSU_CL_002_SARS2_d3a7b_remdesivir,16907,A,AT,168,1,0.595238095,insertion
240229_GSU_CL_002_SARS2_d3a7b_remdesivir,17184,ACT,A,215,1,0.465116279,deletion
240229_GSU_CL_002_SARS2_d3a7b_remdesivir,17200,TTAAAA,T,207,1,0.483091787,deletion
240229_GSU_CL_002_SARS2_d3a7b_remdesivir,17207,A,AT,216,1,0.462962963,insertion
240229_GSU_CL_002_SARS2_d3a7b_remdesivir,17261,G,GT,380,1,0.263157895,insertion
240229_GSU_CL_002_SARS2_d3a7b_remdesivir,17274,CA,C,391,1,0.255754476,deletion
240229_GSU_CL_002_SARS2_d3a7b_remdesivir,17315,T,TA,390,1,0.256410256,insertion
240229_GSU_CL_002_SARS2_d3a7b_remdesivir,17341,GAT,G,327,1,0.305810398,deletion
240229_GSU_CL_002_SARS2_d3a7b_remdesivir,17352,CT,C,282,1,0.354609929,deletion
240229_GSU_CL_002_SARS2_d3a7b_remdesivir,17373,CACAAATT,C,237,1,0.421940928,deletion
240229_GSU_CL_002_SARS2_d3a7b_remdesivir,17401,GC,G,276,1,0.362318841,deletion
240229_GSU_CL_002_SARS2_d3a7b_remdesivir,17494,G,GA,149,1,0.67114094,insertion
240229_GSU_CL_002_SARS2_d3a7b_remdesivir,17602,G,GT,366,2,0.546448087,insertion
240229_GSU_CL_002_SARS2_d3a7b_remdesivir,17616,GC,G,376,1,0.265957447,deletion
240229_GSU_CL_002_SARS2_d3a7b_remdesivir,17619,T,TA,359,1,0.278551532,insertion
240229_GSU_CL_002_SARS2_d3a7b_remdesivir,17649,C,CT,337,1,0.296735905,insertion
240229_GSU_CL_002_SARS2_d3a7b_remdesivir,17658,G,GT,309,1,0.323624595,insertion
240229_GSU_CL_002_SARS2_d3a7b_remdesivir,17695,GCAATTAA,G,221,1,0.452488688,deletion
240229_GSU_CL_002_SARS2_d3a7b_remdesivir,17766,CT,C,109,1,0.917431193,deletion
240229_GSU_CL_002_SARS2_d3a7b_remdesivir,17939,CA,C,126,1,0.793650794,deletion
240229_GSU_CL_002_SARS2_d3a7b_remdesivir,18043,G,GA,269,1,0.371747212,insertion
240229_GSU_CL_002_SARS2_d3a7b_remdesivir,18058,C,CT,354,10,2.824858757,insertion
240229_GSU_CL_002_SARS2_d3a7b_remdesivir,18092,TA,T,465,1,0.215053763,deletion
240229_GSU_CL_002_SARS2_d3a7b_remdesivir,18422,CTAA,C,94,1,1.063829787,deletion
240229_GSU_CL_002_SARS2_d3a7b_remdesivir,18541,C,CA,290,1,0.344827586,insertion
240229_GSU_CL_002_SARS2_d3a7b_remdesivir,18585,AT,A,503,1,0.198807157,deletion
240229_GSU_CL_002_SARS2_d3a7b_remdesivir,18595,TG,T,483,1,0.207039337,deletion
240229_GSU_CL_002_SARS2_d3a7b_remdesivir,18634,GT,G,469,1,0.213219616,deletion
240229_GSU_CL_002_SARS2_d3a7b_remdesivir,18687,C,CT,296,1,0.337837838,insertion
240229_GSU_CL_002_SARS2_d3a7b_remdesivir,18742,TACGTCTA,T,267,1,0.374531835,deletion
240229_GSU_CL_002_SARS2_d3a7b_remdesivir,18860,CA,C,301,2,0.664451827,deletion
240229_GSU_CL_002_SARS2_d3a7b_remdesivir,18869,CT,C,337,1,0.296735905,deletion
240229_GSU_CL_002_SARS2_d3a7b_remdesivir,18907,G,GT,436,1,0.229357798,insertion
240229_GSU_CL_002_SARS2_d3a7b_remdesivir,18924,AT,A,503,1,0.198807157,deletion
240229_GSU_CL_002_SARS2_d3a7b_remdesivir,18990,TA,T,187,1,0.534759358,deletion
240229_GSU_CL_002_SARS2_d3a7b_remdesivir,19139,TC,T,230,1,0.434782609,deletion
240229_GSU_CL_002_SARS2_d3a7b_remdesivir,19265,T,TA,318,1,0.314465409,insertion
240229_GSU_CL_002_SARS2_d3a7b_remdesivir,19296,GTATGTAAA,G,320,1,0.3125,deletion
240229_GSU_CL_002_SARS2_d3a7b_remdesivir,19343,C,CT,272,1,0.367647059,insertion
240229_GSU_CL_002_SARS2_d3a7b_remdesivir,19347,TGTTA,T,268,1,0.373134328,deletion
240229_GSU_CL_002_SARS2_d3a7b_remdesivir,19416,AGT,A,428,1,0.23364486,deletion
240229_GSU_CL_002_SARS2_d3a7b_remdesivir,19457,GTA,G,982,1,0.101832994,deletion
240229_GSU_CL_002_SARS2_d3a7b_remdesivir,19518,GTA,G,998,1,0.100200401,deletion
240229_GSU_CL_002_SARS2_d3a7b_remdesivir,19578,AT,A,693,1,0.144300144,deletion
240229_GSU_CL_002_SARS2_d3a7b_remdesivir,19622,G,GT,560,1,0.178571429,insertion
240229_GSU_CL_002_SARS2_d3a7b_remdesivir,19637,CT,C,517,1,0.193423598,deletion
240229_GSU_CL_002_SARS2_d3a7b_remdesivir,19662,C,CT,340,1,0.294117647,insertion
240229_GSU_CL_002_SARS2_d3a7b_remdesivir,19718,CA,C,441,1,0.22675737,deletion
240229_GSU_CL_002_SARS2_d3a7b_remdesivir,19755,TA,T,443,1,0.225733634,deletion
240229_GSU_CL_002_SARS2_d3a7b_remdesivir,19785,TG,T,349,1,0.286532951,deletion
240229_GSU_CL_002_SARS2_d3a7b_remdesivir,19787,A,AGGGG,339,1,0.294985251,insertion
240229_GSU_CL_002_SARS2_d3a7b_remdesivir,19788,GCTTT,G,358,1,0.279329609,deletion
240229_GSU_CL_002_SARS2_d3a7b_remdesivir,19811,A,AC,259,1,0.386100386,insertion
240229_GSU_CL_002_SARS2_d3a7b_remdesivir,19983,C,CT,384,3,0.78125,insertion
240229_GSU_CL_002_SARS2_d3a7b_remdesivir,20010,A,AG,547,1,0.182815356,insertion
240229_GSU_CL_002_SARS2_d3a7b_remdesivir,20084,TA,T,476,1,0.210084034,deletion
240229_GSU_CL_002_SARS2_d3a7b_remdesivir,20091,C,CA,359,2,0.557103064,insertion
240229_GSU_CL_002_SARS2_d3a7b_remdesivir,20179,CA,C,165,1,0.606060606,deletion
240229_GSU_CL_002_SARS2_d3a7b_remdesivir,20216,ATTTACAAGAAT,A,156,1,0.641025641,deletion
240229_GSU_CL_002_SARS2_d3a7b_remdesivir,20236,A,AAG,301,1,0.332225914,insertion
240229_GSU_CL_002_SARS2_d3a7b_remdesivir,20295,T,TA,979,1,0.102145046,insertion
240229_GSU_CL_002_SARS2_d3a7b_remdesivir,20296,AAATT,A,977,1,0.102354145,deletion
240229_GSU_CL_002_SARS2_d3a7b_remdesivir,20302,GA,G,968,1,0.103305785,deletion
240229_GSU_CL_002_SARS2_d3a7b_remdesivir,20336,A,AT,1016,2,0.196850394,insertion
240229_GSU_CL_002_SARS2_d3a7b_remdesivir,20391,TTTTAAGGAATCACCTTTTGAATTAGAAGA,T,873,1,0.114547537,deletion
240229_GSU_CL_002_SARS2_d3a7b_remdesivir,20405,CTT,C,825,3,0.363636364,deletion
240229_GSU_CL_002_SARS2_d3a7b_remdesivir,20407,TTTGAATTAGAAGA,T,785,1,0.127388535,deletion
240229_GSU_CL_002_SARS2_d3a7b_remdesivir,20432,TGGACA,T,543,1,0.184162063,deletion
240229_GSU_CL_002_SARS2_d3a7b_remdesivir,20522,AT,A,594,1,0.168350168,deletion
240229_GSU_CL_002_SARS2_d3a7b_remdesivir,20560,G,GT,559,2,0.357781753,insertion
240229_GSU_CL_002_SARS2_d3a7b_remdesivir,20568,GGTT,G,581,1,0.17211704,deletion
240229_GSU_CL_002_SARS2_d3a7b_remdesivir,20599,A,AT,388,1,0.257731959,insertion
240229_GSU_CL_002_SARS2_d3a7b_remdesivir,20604,AT,A,386,1,0.259067358,deletion
240229_GSU_CL_002_SARS2_d3a7b_remdesivir,20648,C,CA,104,1,0.961538462,insertion
240229_GSU_CL_002_SARS2_d3a7b_remdesivir,20748,TG,T,157,1,0.636942675,deletion
240229_GSU_CL_002_SARS2_d3a7b_remdesivir,20911,T,TG,94,1,1.063829787,insertion
240229_GSU_CL_002_SARS2_d3a7b_remdesivir,21066,TA,T,108,2,1.851851852,deletion
240229_GSU_CL_002_SARS2_d3a7b_remdesivir,21077,CA,C,110,1,0.909090909,deletion
240229_GSU_CL_002_SARS2_d3a7b_remdesivir,21087,TG,T,105,1,0.952380952,deletion
240229_GSU_CL_002_SARS2_d3a7b_remdesivir,21101,G,GT,115,1,0.869565217,insertion
240229_GSU_CL_002_SARS2_d3a7b_remdesivir,21115,AT,A,132,1,0.757575758,deletion
240229_GSU_CL_002_SARS2_d3a7b_remdesivir,21359,C,CA,138,1,0.724637681,insertion
240229_GSU_CL_002_SARS2_d3a7b_remdesivir,21443,T,TA,215,1,0.465116279,insertion
240229_GSU_CL_002_SARS2_d3a7b_remdesivir,21524,TTA,T,512,1,0.1953125,deletion
240229_GSU_CL_002_SARS2_d3a7b_remdesivir,21569,G,GT,677,2,0.295420975,insertion
240229_GSU_CL_002_SARS2_d3a7b_remdesivir,21578,GT,G,662,1,0.151057402,deletion
240229_GSU_CL_002_SARS2_d3a7b_remdesivir,21614,CTTACAACCAGAACTCAA,C,503,1,0.198807157,deletion
240229_GSU_CL_002_SARS2_d3a7b_remdesivir,21761,GCTATACATGTCTCTGGGACCAATGGTA,G,75,8,10.66666667,deletion
240229_GSU_CL_002_SARS2_d3a7b_remdesivir,21830,G,GT,136,1,0.735294118,insertion
240229_GSU_CL_002_SARS2_d3a7b_remdesivir,21936,AT,A,212,1,0.471698113,deletion
240229_GSU_CL_002_SARS2_d3a7b_remdesivir,21956,GAATT,G,197,1,0.507614213,deletion
240229_GSU_CL_002_SARS2_d3a7b_remdesivir,21979,A,AT,222,1,0.45045045,insertion
240229_GSU_CL_002_SARS2_d3a7b_remdesivir,21988,TG,T,203,1,0.492610837,deletion
240229_GSU_CL_002_SARS2_d3a7b_remdesivir,22120,CA,C,155,3,1.935483871,deletion
240229_GSU_CL_002_SARS2_d3a7b_remdesivir,22157,GGTTA,G,247,1,0.4048583,deletion
240229_GSU_CL_002_SARS2_d3a7b_remdesivir,22215,AG,A,201,1,0.497512438,deletion
240229_GSU_CL_002_SARS2_d3a7b_remdesivir,22245,AT,A,196,1,0.510204082,deletion
240229_GSU_CL_002_SARS2_d3a7b_remdesivir,22448,CTCT,C,294,1,0.340136054,deletion
240229_GSU_CL_002_SARS2_d3a7b_remdesivir,22565,TTG,T,346,1,0.289017341,deletion
240229_GSU_CL_002_SARS2_d3a7b_remdesivir,22572,C,CTT,335,1,0.298507463,insertion
240229_GSU_CL_002_SARS2_d3a7b_remdesivir,22583,GT,G,429,3,0.699300699,deletion
240229_GSU_CL_002_SARS2_d3a7b_remdesivir,22585,TTTTA,T,424,1,0.235849057,deletion
240229_GSU_CL_002_SARS2_d3a7b_remdesivir,22614,ATGCTT,A,601,1,0.166389351,deletion
240229_GSU_CL_002_SARS2_d3a7b_remdesivir,22642,CTG,C,584,2,0.342465753,deletion
240229_GSU_CL_002_SARS2_d3a7b_remdesivir,22681,AT,A,273,1,0.366300366,deletion
240229_GSU_CL_002_SARS2_d3a7b_remdesivir,22689,CTT,C,280,1,0.357142857,deletion
240229_GSU_CL_002_SARS2_d3a7b_remdesivir,22738,TACTA,T,297,1,0.336700337,deletion
240229_GSU_CL_002_SARS2_d3a7b_remdesivir,22771,AG,A,303,1,0.330033003,deletion
240229_GSU_CL_002_SARS2_d3a7b_remdesivir,22802,C,CA,272,1,0.367647059,insertion
240229_GSU_CL_002_SARS2_d3a7b_remdesivir,22844,GATT,G,224,1,0.446428571,deletion
240229_GSU_CL_002_SARS2_d3a7b_remdesivir,22902,GT,G,268,1,0.373134328,deletion
240229_GSU_CL_002_SARS2_d3a7b_remdesivir,22950,C,CT,249,1,0.401606426,insertion
240229_GSU_CL_002_SARS2_d3a7b_remdesivir,23012,GAAGGTT,G,172,1,0.581395349,deletion
240229_GSU_CL_002_SARS2_d3a7b_remdesivir,23020,TAATTGTTACTTTCCTTTACAATC,T,184,1,0.543478261,deletion
240229_GSU_CL_002_SARS2_d3a7b_remdesivir,23230,C,CA,129,2,1.550387597,insertion
240229_GSU_CL_002_SARS2_d3a7b_remdesivir,23247,TCCAA,T,124,1,0.806451613,deletion
240229_GSU_CL_002_SARS2_d3a7b_remdesivir,23252,CA,C,132,1,0.757575758,deletion
240229_GSU_CL_002_SARS2_d3a7b_remdesivir,23801,CT,C,211,1,0.473933649,deletion
240229_GSU_CL_002_SARS2_d3a7b_remdesivir,24001,TGAAGATCTACTTTTC,T,157,1,0.636942675,deletion
240229_GSU_CL_002_SARS2_d3a7b_remdesivir,24019,CA,C,159,1,0.628930818,deletion
240229_GSU_CL_002_SARS2_d3a7b_remdesivir,24384,G,GA,151,1,0.662251656,insertion
240229_GSU_CL_002_SARS2_d3a7b_remdesivir,24487,C,CA,163,1,0.613496933,insertion
240229_GSU_CL_002_SARS2_d3a7b_remdesivir,24551,C,CA,125,1,0.8,insertion
240229_GSU_CL_002_SARS2_d3a7b_remdesivir,24560,C,CACTTCAGCCTCAACTTTGTCA,120,1,0.833333333,insertion
240229_GSU_CL_002_SARS2_d3a7b_remdesivir,24739,TGTGA,T,208,1,0.480769231,deletion
240229_GSU_CL_002_SARS2_d3a7b_remdesivir,24870,AT,A,73,1,1.369863014,deletion
240229_GSU_CL_002_SARS2_d3a7b_remdesivir,25085,CA,C,177,1,0.564971751,deletion
240229_GSU_CL_002_SARS2_d3a7b_remdesivir,25112,GT,G,209,1,0.4784689,deletion
240229_GSU_CL_002_SARS2_d3a7b_remdesivir,25177,A,AT,275,1,0.363636364,insertion
240229_GSU_CL_002_SARS2_d3a7b_remdesivir,25247,CT,C,517,1,0.193423598,deletion
240229_GSU_CL_002_SARS2_d3a7b_remdesivir,25285,CTG,C,470,1,0.212765957,deletion
240229_GSU_CL_002_SARS2_d3a7b_remdesivir,25309,C,CA,276,1,0.362318841,insertion
240229_GSU_CL_002_SARS2_d3a7b_remdesivir,25448,C,CT,513,1,0.194931774,insertion
240229_GSU_CL_002_SARS2_d3a7b_remdesivir,25458,CT,C,497,1,0.201207243,deletion
240229_GSU_CL_002_SARS2_d3a7b_remdesivir,25487,GC,G,452,1,0.221238938,deletion
240229_GSU_CL_002_SARS2_d3a7b_remdesivir,25642,G,GT,192,1,0.520833333,insertion
240229_GSU_CL_002_SARS2_d3a7b_remdesivir,25648,CTGTT,C,181,1,0.552486188,deletion
240229_GSU_CL_002_SARS2_d3a7b_remdesivir,25653,T,TAAA,162,2,1.234567901,insertion
240229_GSU_CL_002_SARS2_d3a7b_remdesivir,25667,TA,T,83,1,1.204819277,deletion
240229_GSU_CL_002_SARS2_d3a7b_remdesivir,25720,CTTGAACAATGGAACCTAGTAATAGGTTTCCTA,C,88,1,1.136363636,deletion
240229_GSU_CL_002_SARS2_d3a7b_remdesivir,25803,G,GT,163,3,1.840490798,insertion
240229_GSU_CL_002_SARS2_d3a7b_remdesivir,25814,T,TA,189,1,0.529100529,insertion
240229_GSU_CL_002_SARS2_d3a7b_remdesivir,25850,TA,T,231,1,0.432900433,deletion
240229_GSU_CL_002_SARS2_d3a7b_remdesivir,25862,GT,G,242,1,0.41322314,deletion
240229_GSU_CL_002_SARS2_d3a7b_remdesivir,25879,G,GT,271,1,0.36900369,insertion
240229_GSU_CL_002_SARS2_d3a7b_remdesivir,25923,GGCTTGTCTTGTA,G,212,1,0.471698113,deletion
240229_GSU_CL_002_SARS2_d3a7b_remdesivir,25933,GTAGGCTTGATGTGGCTCAGCTACTTCATTGCTTCTT,G,197,1,0.507614213,deletion
240229_GSU_CL_002_SARS2_d3a7b_remdesivir,26000,GGTCATT,G,131,1,0.763358779,deletion
240229_GSU_CL_002_SARS2_d3a7b_remdesivir,26014,G,GA,92,1,1.086956522,insertion
240229_GSU_CL_002_SARS2_d3a7b_remdesivir,26188,TC,T,192,1,0.520833333,deletion
240229_GSU_CL_002_SARS2_d3a7b_remdesivir,26197,CT,C,204,1,0.490196078,deletion
240229_GSU_CL_002_SARS2_d3a7b_remdesivir,26201,CTTA,C,203,2,0.985221675,deletion
240229_GSU_CL_002_SARS2_d3a7b_remdesivir,26203,TATTACAA,T,201,1,0.497512438,deletion
240229_GSU_CL_002_SARS2_d3a7b_remdesivir,26246,G,GT,158,1,0.632911392,insertion
240229_GSU_CL_002_SARS2_d3a7b_remdesivir,26457,T,TA,80,1,1.25,insertion
240229_GSU_CL_002_SARS2_d3a7b_remdesivir,26543,ATG,A,181,2,1.104972376,deletion
240229_GSU_CL_002_SARS2_d3a7b_remdesivir,26733,CT,C,76,1,1.315789474,deletion
240229_GSU_CL_002_SARS2_d3a7b_remdesivir,26976,G,GT,129,1,0.775193798,insertion
240229_GSU_CL_002_SARS2_d3a7b_remdesivir,27018,A,AC,135,1,0.740740741,insertion
240229_GSU_CL_002_SARS2_d3a7b_remdesivir,27103,TG,T,103,1,0.970873786,deletion
240229_GSU_CL_002_SARS2_d3a7b_remdesivir,27201,G,GT,265,1,0.377358491,insertion
240229_GSU_CL_002_SARS2_d3a7b_remdesivir,27219,GTT,G,520,1,0.192307692,deletion
240229_GSU_CL_002_SARS2_d3a7b_remdesivir,27235,C,CT,575,17,2.956521739,insertion
240229_GSU_CL_002_SARS2_d3a7b_remdesivir,27238,TTTAGAGTATCATGACG,T,584,1,0.171232877,deletion
240229_GSU_CL_002_SARS2_d3a7b_remdesivir,27241,AGAGTATCATGACGTTCGTGTTGTTT,A,585,1,0.170940171,deletion
240229_GSU_CL_002_SARS2_d3a7b_remdesivir,27246,ATCATG,A,629,3,0.476947536,deletion
240229_GSU_CL_002_SARS2_d3a7b_remdesivir,27263,GT,G,576,1,0.173611111,deletion
240229_GSU_CL_002_SARS2_d3a7b_remdesivir,27270,AT,A,569,1,0.175746924,deletion
240229_GSU_CL_002_SARS2_d3a7b_remdesivir,27271,T,TCTG,571,1,0.175131349,insertion
240229_GSU_CL_002_SARS2_d3a7b_remdesivir,27274,CA,C,543,2,0.368324125,deletion
240229_GSU_CL_002_SARS2_d3a7b_remdesivir,27278,TA,T,542,1,0.184501845,deletion
240229_GSU_CL_002_SARS2_d3a7b_remdesivir,27291,T,TA,621,2,0.322061192,insertion
240229_GSU_CL_002_SARS2_d3a7b_remdesivir,27348,CA,C,585,1,0.170940171,deletion
240229_GSU_CL_002_SARS2_d3a7b_remdesivir,27356,ACCAAGTC,A,619,1,0.161550889,deletion
240229_GSU_CL_002_SARS2_d3a7b_remdesivir,27367,GAACAGGGAGGTGT,G,641,1,0.15600624,deletion
240229_GSU_CL_002_SARS2_d3a7b_remdesivir,27371,AG,A,687,1,0.145560408,deletion
240229_GSU_CL_002_SARS2_d3a7b_remdesivir,27386,G,GT,733,3,0.409276944,insertion
240229_GSU_CL_002_SARS2_d3a7b_remdesivir,27390,G,GT,774,1,0.129198966,insertion
240229_GSU_CL_002_SARS2_d3a7b_remdesivir,27520,G,GA,837,54,6.451612903,insertion
240229_GSU_CL_002_SARS2_d3a7b_remdesivir,27526,ATTT,A,840,6,0.714285714,deletion
240229_GSU_CL_002_SARS2_d3a7b_remdesivir,27528,TTTTA,T,879,1,0.113765643,deletion
240229_GSU_CL_002_SARS2_d3a7b_remdesivir,27549,GGAT,G,1030,2,0.194174757,deletion
240229_GSU_CL_002_SARS2_d3a7b_remdesivir,27626,ATT,A,790,1,0.126582278,deletion
240229_GSU_CL_002_SARS2_d3a7b_remdesivir,27646,G,GA,681,1,0.146842878,insertion
240229_GSU_CL_002_SARS2_d3a7b_remdesivir,27666,C,CA,557,19,3.411131059,insertion
240229_GSU_CL_002_SARS2_d3a7b_remdesivir,27705,CAAAATT,C,346,1,0.289017341,deletion
240229_GSU_CL_002_SARS2_d3a7b_remdesivir,27810,GT,G,412,1,0.242718447,deletion
240229_GSU_CL_002_SARS2_d3a7b_remdesivir,27826,TTC,T,418,1,0.23923445,deletion
240229_GSU_CL_002_SARS2_d3a7b_remdesivir,27854,TG,T,475,1,0.210526316,deletion
240229_GSU_CL_002_SARS2_d3a7b_remdesivir,27859,G,GA,487,2,0.410677618,insertion
240229_GSU_CL_002_SARS2_d3a7b_remdesivir,27877,GATA,G,518,2,0.386100386,deletion
240229_GSU_CL_002_SARS2_d3a7b_remdesivir,27889,CA,C,428,1,0.23364486,deletion
240229_GSU_CL_002_SARS2_d3a7b_remdesivir,27891,A,AN,430,1,0.23255814,insertion
240229_GSU_CL_002_SARS2_d3a7b_remdesivir,27980,C,CA,143,1,0.699300699,insertion
240229_GSU_CL_002_SARS2_d3a7b_remdesivir,27997,C,CA,132,1,0.757575758,insertion
240229_GSU_CL_002_SARS2_d3a7b_remdesivir,28007,C,CCCA,122,1,0.819672131,insertion
240229_GSU_CL_002_SARS2_d3a7b_remdesivir,28154,G,GTC,325,1,0.307692308,insertion
240229_GSU_CL_002_SARS2_d3a7b_remdesivir,28168,AAAATG,A,421,1,0.237529691,deletion
240229_GSU_CL_002_SARS2_d3a7b_remdesivir,28358,AAGG,A,69,2,2.898550725,deletion
240229_GSU_CL_002_SARS2_d3a7b_remdesivir,28500,GGCT,G,374,1,0.267379679,deletion
240229_GSU_CL_002_SARS2_d3a7b_remdesivir,28509,T,TG,452,1,0.221238938,insertion
240229_GSU_CL_002_SARS2_d3a7b_remdesivir,28512,C,CG,481,2,0.415800416,insertion
240229_GSU_CL_002_SARS2_d3a7b_remdesivir,28529,C,CT,507,1,0.197238659,insertion
240229_GSU_CL_002_SARS2_d3a7b_remdesivir,28540,CT,C,486,1,0.205761317,deletion
240229_GSU_CL_002_SARS2_d3a7b_remdesivir,28555,C,CAGCTTGAG,435,1,0.229885057,insertion
240229_GSU_CL_002_SARS2_d3a7b_remdesivir,28584,CCAACAA,C,190,1,0.526315789,deletion
240229_GSU_CL_002_SARS2_d3a7b_remdesivir,28648,C,CA,120,8,6.666666667,insertion
240229_GSU_CL_002_SARS2_d3a7b_remdesivir,29170,G,GT,93,1,1.075268817,insertion
240229_GSU_CL_002_SARS2_d3a7b_remdesivir,29177,CT,C,91,1,1.098901099,deletion
240229_GSU_CL_002_SARS2_d3a7b_remdesivir,29268,AT,A,286,1,0.34965035,deletion
240229_GSU_CL_002_SARS2_d3a7b_remdesivir,29289,GT,G,398,1,0.251256281,deletion
240229_GSU_CL_002_SARS2_d3a7b_remdesivir,29297,AGGGAGGACTT,A,440,1,0.227272727,deletion
240229_GSU_CL_002_SARS2_d3a7b_remdesivir,29318,CCA,C,412,1,0.242718447,deletion
240229_GSU_CL_002_SARS2_d3a7b_remdesivir,29334,GC,G,362,1,0.276243094,deletion
240229_GSU_CL_002_SARS2_d3a7b_remdesivir,29357,TACAGTGA,T,357,1,0.280112045,deletion
240229_GSU_CL_002_SARS2_d3a7b_remdesivir,29385,CTA,C,398,204,51.25628141,deletion
240229_GSU_CL_002_SARS2_d3a7b_remdesivir,29393,AAG,A,400,1,0.25,deletion
240229_GSU_CL_002_SARS2_d3a7b_remdesivir,29408,TA,T,373,2,0.536193029,deletion
240229_GSU_CL_002_SARS2_d3a7b_remdesivir,29409,AAAATTAATTTT,A,374,1,0.267379679,deletion
240229_GSU_CL_002_SARS2_d3a7b_remdesivir,29416,A,AT,375,1,0.266666667,insertion
240229_GSU_CL_002_SARS2_d3a7b_remdesivir,29461,G,GA,676,1,0.147928994,insertion
240229_GSU_CL_002_SARS2_d3a7b_remdesivir,29465,G,GACAAA,663,1,0.150829563,insertion